FINAL_POSITION,TEAM,FINAL_POINTS,SEASON,WAGE,WAGE_SCALED,NET_TRANSFER_SPEND,NET_TRANSFER_SPEND_SCALED,SQUAD_SIZE,AVG_AGE,NUM_FOREIGN_PLAYERS,TEAM_MARKET_VALUE,IS_ESTIMATED_MARKET_VAL,TEAM_MARKET_VALUE_SCALED,AVG_TIME,NUM_TRANSFERS_IN,NUM_TRANSFERS_OUT,STADIUM_CAPACITY_SCALED,YEARS_IN_LEAGUE,BIG_SIX
1,Manchester United,80,2000-01,50000000.0,1.8327700000248548,1820000.0,0.13041383396231676,34,24.9,18,170072000.0,1.0,1.3816763665795542,4.5,1,8,6.350440727247524,9,1
2,Arsenal,70,2000-01,41000000.0,1.0775804337495531,-5175000.0,-0.37081955535988426,33,25.3,22,109338000.0,1.0,0.8882692657761142,4.1,8,12,3.175220363623762,9,1
3,Liverpool,69,2000-01,49000000.0,1.748860048216488,17870000.0,1.280491875223407,30,24.5,21,139748000.0,1.0,1.135322151069897,2.4,10,10,4.595713684192287,9,1
4,Leeds United,68,2000-01,43000000.0,1.2454003373662872,41025000.0,2.9396854606066185,36,22.5,22,104249000.0,1.0,0.8469258875038334,2.9,8,8,3.091661933002084,9,0
5,Ipswich Town,66,2000-01,18000000.0,-0.8523484578428845,5100000.0,0.3654453589053932,27,24.8,11,19354000.0,1.0,0.15723319769733227,2.3,6,7,2.5067529186503386,1,0
6,Chelsea,61,2000-01,50000000.0,1.8327700000248548,11791000.0,0.8448953385987237,35,26.2,28,239139000.0,1.0,1.9427813198378805,2.5,10,11,3.425895655488796,9,1
7,Sunderland,57,2000-01,23000000.0,-0.4327986988010503,13565000.0,0.9720129987356192,36,24.3,22,56538000.0,1.0,0.45931851459190715,2.4,10,11,4.094363100462219,2,0
8,Aston Villa,54,2000-01,25000000.0,-0.2649787951843165,2750000.0,0.1970538699980061,28,25.0,12,36834000.0,1.0,0.29924189335452805,2.7,7,9,3.5094540861104737,9,0
9,Charlton Athletic,52,2000-01,17000000.0,-0.9362584096512514,20268000.0,1.4523228498616685,30,25.2,14,9876000.0,1.0,0.08023328823286419,2.9,9,10,2.2560776267853044,1,0
10,Southampton,52,2000-01,16000000.0,-1.0201683614596182,-145000.0,-0.010390113145349412,29,25.9,15,62241000.0,1.0,0.5056500701601558,4.0,6,11,2.6738697798936943,9,0
11,Newcastle United,51,2000-01,27000000.0,-0.09715889156758284,4860000.0,0.3482479302510217,37,23.4,25,88505000.0,1.0,0.7190205726052697,2.6,10,10,4.345038392327253,8,0
12,Tottenham Hotspur,49,2000-01,25000000.0,-0.2649787951843165,23285000.0,1.668508859237663,34,24.3,17,145899000.0,1.0,1.1852932887694057,3.3,4,10,3.008103502380406,9,1
13,Leicester City,48,2000-01,22000000.0,-0.5167086506094171,2045000.0,0.14653642332579,33,24.9,12,0.0,1.0,0.0,2.4,14,14,1.8382854736769147,5,0
14,Middlesbrough,42,2000-01,,,22799000.0,1.6336840662125605,34,26.0,16,0.0,0.0,0.0,3.2,9,7,2.924545071758728,3,0
15,West Ham United,42,2000-01,32000000.0,0.32239086747425144,-28650000.0,-2.052943045615591,39,25.1,23,91241000.0,1.0,0.7412480206211787,2.8,10,17,2.924545071758728,8,0
16,Everton,42,2000-01,26000000.0,-0.18106884337594967,-1066000.0,-0.07638524560649983,35,25.3,20,106381000.0,1.0,0.8642463988963471,2.4,11,13,3.342337224867118,9,0
17,Derby County,42,2000-01,19000000.0,-0.7684385060345177,5625000.0,0.4030647340868307,35,23.5,21,53117000.0,1.0,0.4315260805047637,2.0,10,9,2.7574282105153722,5,0
18,Manchester City,34,2000-01,18000000.0,-0.8523484578428845,12550000.0,0.8992822067181734,36,24.9,24,93713000.0,1.0,0.7613307148811665,2.4,7,14,2.924545071758728,1,1
19,Coventry City,34,2000-01,19000000.0,-0.7684385060345177,-4875000.0,-0.34932276954191993,34,23.3,21,42529000.0,1.0,0.3455084563847186,2.2,9,10,2.6738697798936943,9,0
20,Bradford City,26,2000-01,15000000.0,-1.1040783132679852,-1745000.0,-0.1250396375078257,35,27.8,14,21174000.0,1.0,0.17201900010557575,2.2,9,14,2.0889607655419486,2,0
1,Arsenal,87,2001-02,62000000.0,1.6734837885298215,24485000.0,1.6430101996316882,27,25.9,15,141454000.0,1.0,1.149181809810811,3.9,8,7,3.175220363623762,10,1
2,Liverpool,80,2001-02,56000000.0,1.2727382249794428,1250000.0,0.08387840512720482,27,25.1,17,146879000.0,1.0,1.1932548746815368,3.0,5,7,4.595713684192287,10,1
3,Manchester United,77,2001-02,70000000.0,2.2078112065969933,35250000.0,2.365371024587176,30,26.1,20,220421000.0,1.0,1.7907150289161762,4.9,7,10,6.350440727247524,10,1
4,Newcastle United,71,2001-02,32000000.0,-0.3302440292220715,24372000.0,1.6354275918081889,30,23.9,19,86727000.0,1.0,0.7045759810218319,3.2,6,10,4.345038392327253,9,0
5,Leeds United,66,2001-02,54000000.0,1.1391563704626502,41725000.0,2.7998611631460966,26,24.1,13,92629000.0,1.0,0.7525242259742787,3.6,3,7,3.091661933002084,10,0
6,Chelsea,64,2001-02,56000000.0,1.2727382249794428,31580000.0,2.1191040271337034,33,24.5,26,240764000.0,1.0,1.955982929130955,2.6,6,9,3.425895655488796,10,1
7,West Ham United,53,2001-02,33000000.0,-0.26345310196367505,480000.0,0.032209307568846664,30,27.3,19,85176000.0,1.0,0.6919755527057958,3.3,10,14,2.924545071758728,9,0
8,Aston Villa,50,2001-02,31000000.0,-0.397034956480468,9225000.0,0.6190226298387717,25,25.9,14,53613000.0,1.0,0.43555561786437297,2.8,7,10,3.5094540861104737,10,0
9,Tottenham Hotspur,50,2001-02,37000000.0,0.003710607069910692,18300000.0,1.2279798510622786,26,27.2,13,156148000.0,1.0,1.268556854089234,3.0,7,8,3.008103502380406,10,1
10,Blackburn Rovers,46,2001-02,30000000.0,-0.4638258837388644,21625000.0,1.4510964087006435,31,26.8,20,33802000.0,1.0,0.27460972143046525,2.5,8,13,2.5903113492720165,1,0
11,Southampton,45,2001-02,23000000.0,-0.9313623745476396,4900000.0,0.3288033480986429,33,26.7,17,81719000.0,1.0,0.6638906521973904,3.8,10,11,2.6738697798936943,10,0
12,Middlesbrough,45,2001-02,30000000.0,-0.4638258837388644,17300000.0,1.1608771269605147,35,26.5,17,105569000.0,1.0,0.8576496562834385,3.1,7,11,2.924545071758728,4,0
13,Fulham,44,2001-02,31000000.0,-0.397034956480468,49575000.0,3.3266175473449437,28,25.5,20,40379000.0,1.0,0.32804171178157376,2.3,8,9,2.0889607655419486,1,0
14,Charlton Athletic,44,2001-02,22000000.0,-0.998153301806036,12125000.0,0.8136205297338868,29,26.3,14,21426000.0,1.0,0.17406626505440947,3.3,5,7,2.2560776267853044,2,0
15,Everton,43,2001-02,29000000.0,-0.5306168109972608,5575000.0,0.3740976868673335,31,26.3,19,110502000.0,1.0,0.8977256800635842,2.3,4,9,3.342337224867118,10,0
16,Bolton Wanderers,40,2001-02,19000000.0,-1.1985260835812253,2560000.0,0.17178297370051548,40,25.9,24,49386000.0,1.0,0.40121518556786456,1.9,12,11,2.3396360574069823,1,0
17,Sunderland,40,2001-02,26000000.0,-0.7309895927724501,14945000.0,1.0028502117008609,29,25.2,22,60921000.0,1.0,0.4949263013805507,2.7,10,8,4.094363100462219,3,0
18,Ipswich Town,36,2001-02,24000000.0,-0.8645714472892428,6525000.0,0.4378452747640092,31,24.7,14,31970000.0,1.0,0.2597264302151345,2.2,10,7,2.5067529186503386,2,0
19,Derby County,30,2001-02,,,-12910000.0,-0.8662961681537714,38,24.3,21,0.0,0.0,0.0,2.4,8,5,2.7574282105153722,6,0
20,Leicester City,28,2001-02,,,15065000.0,1.0109025385930726,33,25.5,13,0.0,0.0,0.0,2.1,9,9,1.8382854736769147,6,0
1,Manchester United,83,2002-03,80000000.0,2.6038736380007763,44730000.0,1.8008409514875483,27,25.3,15,219984000.0,1.0,1.7871648115247463,4.3,3,8,6.350440727247524,11,1
2,Arsenal,78,2002-03,61000000.0,1.4033648470451183,-1290000.0,-0.05193572160561005,31,25.2,21,149424000.0,1.0,1.2139306258513058,3.6,4,8,3.175220363623762,11,1
3,Newcastle United,69,2002-03,45000000.0,0.3924100757140379,34325000.0,1.3819330574516009,33,23.4,17,99523000.0,1.0,0.8085315456459439,3.3,5,8,4.345038392327253,10,0
4,Chelsea,67,2002-03,54000000.0,0.9610721345877706,-2700000.0,-0.10870267312802102,31,25.2,23,223789000.0,1.0,1.818076887438684,3.4,3,8,3.425895655488796,11,1
5,Liverpool,64,2002-03,54000000.0,0.9610721345877706,21500000.0,0.8655953600935008,29,23.9,20,140700000.0,1.0,1.1430562630988244,2.9,6,7,4.595713684192287,11,1
6,Blackburn Rovers,60,2002-03,36000000.0,-0.1762519831596948,5450000.0,0.21941835872137574,32,25.7,19,43499000.0,1.0,0.35338880162427694,2.5,5,6,2.5903113492720165,2,0
7,Everton,59,2002-03,30000000.0,-0.55536002240885,9855000.0,0.3967647569172768,32,25.5,21,121343000.0,1.0,0.9857986931997204,2.3,5,6,3.342337224867118,11,0
8,Southampton,52,2002-03,27000000.0,-0.7449140420334275,12000000.0,0.4831229916800934,33,25.8,19,96109000.0,1.0,0.7807959800296014,3.8,6,8,2.6738697798936943,11,0
9,Manchester City,51,2002-03,35000000.0,-0.2394366563678873,43000000.0,1.7311907201870016,37,24.9,28,146318000.0,1.0,1.1886972729502046,2.3,10,9,2.924545071758728,1,1
10,Tottenham Hotspur,50,2002-03,38000000.0,-0.049882636743309734,9150000.0,0.3683812811560713,32,25.4,19,175996000.0,1.0,1.429803341011661,3.1,7,8,3.008103502380406,11,1
11,Middlesbrough,49,2002-03,29000000.0,-0.6185446956170425,37410000.0,1.5061359265626912,32,24.0,15,90525000.0,1.0,0.7354311884649686,2.2,8,14,2.924545071758728,5,0
12,Charlton Athletic,49,2002-03,24000000.0,-0.9344680616580052,4100000.0,0.16506702215736527,29,26.2,15,29352000.0,1.0,0.2384576221355842,3.6,6,8,2.2560776267853044,3,0
13,Birmingham City,48,2002-03,20000000.0,-1.1872067544907752,14010000.0,0.5640460927865091,35,26.1,21,73907000.0,1.0,0.6004254387835453,2.4,11,11,2.5067529186503386,1,0
14,Fulham,48,2002-03,36000000.0,-0.1762519831596948,2175000.0,0.08756604224201693,30,26.2,23,64087000.0,1.0,0.5206470983170886,2.6,2,7,2.0889607655419486,2,0
15,Leeds United,47,2002-03,57000000.0,1.1506261542123482,-75615000.0,-3.044278751324189,32,24.3,16,94231000.0,1.0,0.7655389817204359,3.7,3,10,3.091661933002084,11,0
16,Aston Villa,45,2002-03,32000000.0,-0.4289906759924649,2180000.0,0.08776734348855031,29,25.3,18,76481000.0,1.0,0.6213367879037753,2.8,7,9,3.5094540861104737,11,0
17,Bolton Wanderers,44,2002-03,,,-5288000.0,-0.21289619833369453,35,26.1,23,0.0,0.0,0.0,2.4,8,14,2.3396360574069823,2,0
18,West Ham United,42,2002-03,33000000.0,-0.3658060027842724,325000.0,0.013084581024669195,34,25.8,16,76551000.0,1.0,0.6219054726117847,3.0,7,12,2.924545071758728,10,0
19,West Bromwich Albion,26,2002-03,12000000.0,-1.6926841401563153,16950000.0,0.6824112257481321,27,25.7,12,0.0,1.0,0.0,2.6,8,5,2.1725191961636265,1,0
20,Sunderland,19,2002-03,34000000.0,-0.30262132957607984,29380000.0,1.1828461246300954,42,24.4,27,80242000.0,1.0,0.6518914048583928,3.0,8,5,4.094363100462219,4,0
1,Arsenal,90,2003-04,70000000.0,1.2673397966278497,27525000.0,0.7297543019319886,32,23.7,23,182239000.0,1.0,1.480521892898839,3.5,6,10,3.175220363623762,12,1
2,Chelsea,79,2003-04,115000000.0,3.2104502173519807,167270000.0,4.434732137480972,34,24.8,26,374366000.0,1.0,3.0413745628376296,2.6,17,11,3.425895655488796,12,1
3,Manchester United,75,2003-04,77000000.0,1.5696014176293809,-2475000.0,-0.06561823423366656,30,23.3,18,208030000.0,1.0,1.6900497115312612,4.1,8,12,6.350440727247524,12,1
4,Liverpool,60,2003-04,66000000.0,1.0946188703412605,15650000.0,0.4149193396997501,32,23.6,23,166665000.0,1.0,1.3539976694340126,3.1,6,7,4.595713684192287,12,1
5,Newcastle United,56,2003-04,45000000.0,0.187834007336666,-5000000.0,-0.13256208936094252,31,23.5,12,65333000.0,1.0,0.5307696861196552,3.8,1,11,4.345038392327253,11,0
6,Aston Villa,56,2003-04,34000000.0,-0.2871485399514549,7985000.0,0.21170165670942526,27,25.1,17,70684000.0,1.0,0.5742415700133426,3.1,3,14,3.5094540861104737,12,0
7,Charlton Athletic,53,2003-04,30000000.0,-0.4598694662380443,-13000000.0,-0.3446614323384506,31,25.7,16,36600000.0,1.0,0.29734086161632534,3.1,7,11,2.2560776267853044,4,0
8,Bolton Wanderers,53,2003-04,24000000.0,-0.7189508556679284,675000.0,0.01789588206372724,31,26.5,20,42639000.0,1.0,0.346402103783019,2.0,9,10,2.3396360574069823,3,0
9,Fulham,52,2003-04,31000000.0,-0.41668923466639696,-16560000.0,-0.4390456399634417,34,26.1,25,57455000.0,1.0,0.4667682842668298,2.3,10,8,2.0889607655419486,3,0
10,Birmingham City,50,2003-04,23000000.0,-0.7621310872395758,13900000.0,0.3685226084234202,27,26.5,16,56274000.0,1.0,0.4571737608359861,2.9,5,17,2.5067529186503386,2,0
11,Middlesbrough,48,2003-04,29000000.0,-0.5030496978096917,5575000.0,0.14780672963745092,35,24.3,16,91684000.0,1.0,0.7448469824161522,2.4,5,12,2.924545071758728,6,0
12,Southampton,47,2003-04,26000000.0,-0.6325903925246337,-1895000.0,-0.05024103186779722,34,25.5,20,96810000.0,1.0,0.7864909511769523,3.4,11,13,2.6738697798936943,12,0
13,Portsmouth,45,2003-04,26000000.0,-0.6325903925246337,11280000.0,0.29906007359828635,37,25.8,26,95124000.0,1.0,0.7727937737811839,1.4,15,15,1.7547270430552369,1,0
14,Tottenham Hotspur,45,2003-04,35000000.0,-0.24396830837980754,28000000.0,0.7423477004212782,31,24.1,17,161383000.0,1.0,1.3110863461810773,2.9,6,12,3.008103502380406,12,1
15,Blackburn Rovers,44,2003-04,31000000.0,-0.41668923466639696,-12005000.0,-0.318281576555623,34,25.3,23,44073000.0,1.0,0.35805201622995375,2.2,9,19,2.5903113492720165,3,0
16,Manchester City,41,2003-04,38000000.0,-0.11442761366486548,8937000.0,0.2369414785237487,33,25.7,24,135209000.0,1.0,1.0984470097891184,1.9,11,17,3.9272462392188636,2,1
17,Everton,39,2003-04,33000000.0,-0.33032877152310225,8940000.0,0.2370210157773653,31,26.1,16,105384000.0,1.0,0.8561467038408423,3.0,5,6,3.342337224867118,12,0
18,Leicester City,33,2003-04,24000000.0,-0.7189508556679284,1140000.0,0.030224156374294892,39,26.9,19,25947000.0,1.0,0.2107951731245572,2.3,16,20,2.6738697798936943,1,0
19,Leeds United,33,2003-04,37000000.0,-0.15760784523651286,-16080000.0,-0.4263196793847912,34,23.6,18,62624000.0,1.0,0.5087615879196928,3.3,1,8,3.091661933002084,12,0
20,Wolverhampton Wanderers,33,2003-04,19000000.0,-0.9348520135261652,8725000.0,0.23132084593484475,34,26.2,22,44591000.0,1.0,0.36226028306922303,2.3,10,9,2.5903113492720165,1,0
1,Chelsea,95,2004-05,109000000.0,3.0415033451397524,160100000.0,4.315160129696576,31,23.4,23,360542000.0,1.0,2.9290674570730375,2.4,11,16,3.425895655488796,13,1
2,Arsenal,83,2004-05,66000000.0,1.135898871996211,8100000.0,0.2183185324830872,32,22.9,28,181973000.0,1.0,1.4783608910084036,3.1,5,10,3.175220363623762,13,1
3,Manchester United,77,2004-05,77000000.0,1.6233790860561867,51685000.0,1.39306090757881,32,24.2,22,235772000.0,1.0,1.91542758538263,4.2,5,11,6.350440727247524,13,1
4,Everton,61,2004-05,31000000.0,-0.41517453637643853,-33525000.0,-0.9035961483327776,25,26.2,15,92784000.0,1.0,0.7537834563991566,2.8,5,15,3.342337224867118,13,0
5,Liverpool,58,2004-05,64000000.0,1.0472661058034884,33830000.0,0.9118167844324492,34,23.9,24,170492000.0,1.0,1.3850884748276104,3.0,8,10,4.595713684192287,13,1
6,Bolton Wanderers,58,2004-05,25000000.0,-0.6810728349546072,1005000.0,0.0270876697710497,28,27.3,20,48342000.0,1.0,0.39273365935126775,2.2,12,17,2.3396360574069823,4,0
7,Middlesbrough,55,2004-05,29000000.0,-0.5038073025691615,4700000.0,0.1266786546506802,31,24.6,13,80930000.0,1.0,0.6574807631313991,2.6,6,11,2.924545071758728,7,0
8,Manchester City,52,2004-05,38000000.0,-0.10495985470190866,-10140000.0,-0.2733024591825314,29,25.4,17,102934000.0,1.0,0.8362427390605145,2.2,4,14,3.9272462392188636,3,1
9,Tottenham Hotspur,52,2004-05,33000000.0,-0.32654177018371583,34225000.0,0.9224631820041554,36,23.3,20,167770000.0,1.0,1.3629747637533034,2.0,17,20,3.008103502380406,13,1
10,Aston Villa,47,2004-05,33000000.0,-0.32654177018371583,5415000.0,0.1459499819007305,26,23.8,16,56402000.0,1.0,0.45821364144491755,3.4,3,9,3.5094540861104737,13,0
11,Charlton Athletic,46,2004-05,29000000.0,-0.5038073025691615,11300000.0,0.30456782926652903,26,25.5,15,30300000.0,1.0,0.24615923789548244,3.2,6,14,2.2560776267853044,5,0
12,Birmingham City,45,2004-05,27000000.0,-0.5924400687618844,7620000.0,0.2053811379655709,37,25.1,21,77784000.0,1.0,0.6319224475400068,1.7,10,9,2.5067529186503386,3,0
13,Fulham,44,2004-05,34000000.0,-0.2822253870873544,8750000.0,0.2358379208922238,34,24.9,23,52004000.0,1.0,0.42248399364741485,2.2,7,8,2.0889607655419486,4,0
14,Newcastle United,44,2004-05,50000000.0,0.4268367424544285,7170000.0,0.1932523306053994,31,24.7,15,93494000.0,1.0,0.759551544151823,3.3,9,15,4.345038392327253,12,0
15,Blackburn Rovers,42,2004-05,31000000.0,-0.41517453637643853,175000.0,0.004716758417844476,35,26.1,26,57917000.0,1.0,0.4705216033396917,2.3,8,10,2.5903113492720165,4,0
16,Portsmouth,39,2004-05,25000000.0,-0.6810728349546072,250000.0,0.006738226311206396,33,25.2,21,68187000.0,1.0,0.5539557740719229,1.8,10,20,1.7547270430552369,2,0
17,West Bromwich Albion,34,2004-05,21000000.0,-0.858338367340053,13900000.0,0.3746453829030755,29,26.1,16,7500000.0,0.0,0.060930504429574865,1.8,11,18,2.1725191961636265,1,0
18,Crystal Palace,33,2004-05,,,5050000.0,0.13611217148636914,36,24.1,18,0.0,0.0,0.0,1.9,11,11,2.1725191961636265,1,0
19,Norwich City,33,2004-05,17000000.0,-1.0356038997254986,8075000.0,0.21764470985196652,27,26.0,12,8493000.0,1.0,0.06899770321605057,2.3,10,8,2.2560776267853044,1,0
20,Southampton,32,2004-05,28000000.0,-0.5481236856655229,-475000.0,-0.01280262999129215,40,25.0,24,113013000.0,1.0,0.9181252129466059,2.7,9,9,2.6738697798936943,13,0
1,Chelsea,91,2005-06,114000000.0,2.788094321964152,57200000.0,3.741535239164701,27,24.5,19,352180000.0,0.0,2.8611340066676902,2.8,5,10,3.425895655488796,14,1
2,Manchester United,83,2005-06,85000000.0,1.6467570475196884,23900000.0,1.5633337800006355,29,24.9,20,286930000.0,0.0,2.3310386181303886,4.5,5,12,6.350440727247524,14,1
3,Liverpool,82,2005-06,69000000.0,1.0170537236882604,25170000.0,1.6464063281429289,32,23.9,23,187400000.0,0.0,1.5224502040136438,2.8,13,15,4.595713684192287,14,1
4,Arsenal,67,2005-06,83000000.0,1.56804413204076,21000000.0,1.3736405598331944,33,23.3,28,218950000.0,0.0,1.778764525980722,3.0,8,11,5.013505837300677,14,1
5,Tottenham Hotspur,65,2005-06,41000000.0,-0.08492709301673856,13960000.0,0.9131439150129236,30,24.5,15,145500000.0,0.0,1.1820517859337523,2.2,12,11,3.008103502380406,14,1
6,Blackburn Rovers,63,2005-06,33000000.0,-0.3997787549324526,6550000.0,0.4284450317574964,27,26.7,21,70700000.0,0.0,0.574371555089459,2.7,4,11,2.5903113492720165,5,0
7,Newcastle United,58,2005-06,52000000.0,0.34799394211736817,32650000.0,2.1356840132644668,25,25.6,13,141200000.0,0.0,1.1471182967274627,3.1,7,10,4.345038392327253,13,0
8,Bolton Wanderers,56,2005-06,29000000.0,-0.5572045858903095,6200000.0,0.4055510224269431,28,26.0,21,65900000.00000001,0.0,0.5353760322545312,2.6,7,13,2.3396360574069823,5,0
9,West Ham United,55,2005-06,31000000.0,-0.4784916704113811,21040000.0,1.3762570180424003,26,25.3,11,42400000.0,0.0,0.3444604517085299,1.8,11,13,2.924545071758728,1,0
10,Wigan Athletic,51,2005-06,21000000.0,-0.8720562478060235,10145000.0,0.6635992133098932,28,27.4,18,36200000.0,0.0,0.2940912347134147,1.9,12,14,2.0889607655419486,1,0
11,Everton,50,2005-06,37000000.0,-0.2423529239745956,25525000.0,1.6696273947496327,29,26.3,19,109780000.0,0.0,0.8918601035038305,2.6,9,6,3.342337224867118,14,0
12,Fulham,48,2005-06,30000000.0,-0.5178481281508452,1925000.0,0.12591705131804282,31,26.6,24,70900000.0,0.0,0.5759963685409144,2.3,9,13,2.0889607655419486,5,0
13,Charlton Athletic,47,2005-06,34000000.0,-0.3604222971929883,3390000.0,0.22174483323021568,36,25.0,21,74980000.0,0.0,0.6091425629506031,2.5,10,7,2.2560776267853044,6,0
14,Middlesbrough,45,2005-06,,,13960000.0,0.9131439150129236,35,23.6,14,94630000.0,0.0,0.7687804845560893,2.9,4,4,2.924545071758728,8,0
15,Manchester City,43,2005-06,34000000.0,-0.3604222971929883,-20025000.0,-1.309864390983796,28,24.7,14,70400000.0,0.0,0.5719343349122761,2.4,5,7,3.9272462392188636,4,1
16,Aston Villa,42,2005-06,38000000.0,-0.20299646623513126,10640000.0,0.6959778836488185,29,24.0,16,100830000.0,0.0,0.8191497015512045,2.9,6,6,3.5094540861104737,14,0
17,Portsmouth,38,2005-06,25000000.0,-0.7146304168481665,3375000.0,0.2207636614017634,35,26.1,28,90750000.0,0.0,0.7372591035978558,1.6,14,12,1.7547270430552369,3,0
18,Birmingham City,34,2005-06,27000000.0,-0.6359175013692381,150000.0,0.009811718284522816,33,25.5,17,95380000.0,0.0,0.7748735349990468,2.2,8,10,2.5067529186503386,4,0
19,West Bromwich Albion,30,2005-06,20000000.0,-0.9114127055454878,6220000.0,0.4068592515315462,31,25.3,14,55050000.0,0.0,0.4472299025130795,2.0,6,11,2.1725191961636265,2,0
20,Sunderland,15,2005-06,17000000.0,-1.0294820787638803,4505000.0,0.2946786058118353,28,23.4,18,32550000.0,0.0,0.2644383892243549,2.0,12,16,4.094363100462219,1,0
1,Manchester United,89,2006-07,92000000.0,1.5530267496894543,8700000.0,0.5728775006523221,33,24.2,18,228800000.0,0.0,1.858786588464897,4.4,1,11,6.350440727247524,15,1
2,Chelsea,83,2006-07,133000000.0,3.018483521548318,35800000.0,2.357357991190015,37,23.2,24,403880000.0,0.0,3.281148283868893,2.6,9,12,3.425895655488796,15,1
3,Liverpool,68,2006-07,78000000.0,1.0526268763717936,24525000.0,1.6149219199423217,34,23.6,24,222500000.0,0.0,1.8076049647440542,2.5,10,16,4.595713684192287,15,1
4,Arsenal,68,2006-07,90000000.0,1.4815410535012168,2250000.0,0.14815797430663502,35,22.8,30,221400000.0,0.0,1.79866849076105,3.0,4,10,5.013505837300677,15,1
5,Tottenham Hotspur,60,2006-07,44000000.0,-0.16262995882823975,22725000.0,1.4963955404970135,37,23.1,20,166850000.0,0.0,1.3555006218766088,2.3,11,12,3.008103502380406,15,1
6,Everton,58,2006-07,38000000.0,-0.3770870473929515,15000000.0,0.9877198287109,25,25.0,16,91970000.0,0.0,0.7471704656517334,3.0,2,6,3.342337224867118,15,0
7,Bolton Wanderers,56,2006-07,30000000.0,-0.6630298321459005,13150000.0,0.8659010498365558,34,24.6,26,62150000.0,0.0,0.5049107800397437,2.6,10,8,2.3396360574069823,6,0
8,Reading,55,2006-07,30000000.0,-0.6630298321459005,8650000.0,0.5695851012232858,34,24.0,23,23500000.0,0.0,0.19091558054600125,2.1,11,6,2.0054023349202708,1,0
9,Portsmouth,54,2006-07,37000000.0,-0.41282989548707016,7650000.0,0.5037371126425589,26,26.4,16,78400000.0,0.0,0.6369268729704892,2.0,8,15,1.7547270430552369,4,0
10,Blackburn Rovers,52,2006-07,38000000.0,-0.3770870473929515,-380000.0,-0.02502223566067614,29,26.6,22,72350000.0,0.0,0.5877762660639655,2.2,11,15,2.5903113492720165,6,0
11,Aston Villa,50,2006-07,43000000.0,-0.1983728069223584,22875000.0,1.5062727387841226,31,24.8,18,94080000.0,0.0,0.764312247564587,3.1,6,9,3.5094540861104737,15,0
12,Middlesbrough,46,2006-07,38000000.0,-0.3770870473929515,6800000.0,0.44776632234894137,32,23.2,15,88450000.0,0.0,0.7185737489061196,3.0,5,11,2.924545071758728,9,0
13,Newcastle United,43,2006-07,63000000.0,0.5164841549600142,20295000.0,1.336384928245848,30,25.0,19,155200000.0,0.0,1.2608552383293359,2.9,5,13,4.345038392327253,14,0
14,Manchester City,42,2006-07,36000000.0,-0.4485727435811888,3300000.0,0.21729836231639804,29,24.4,14,87650000.0,0.0,0.7120744951002982,2.3,9,15,3.9272462392188636,5,1
15,West Ham United,41,2006-07,44000000.0,-0.16262995882823975,65110000.0,4.287362536491114,33,25.1,13,93630000.0,0.0,0.7606564172988126,1.7,15,16,2.924545071758728,2,0
16,Fulham,39,2006-07,35000000.0,-0.4843155916753074,3285000.0,0.21631064248768714,34,26.3,26,77350000.0,0.0,0.6283966023503488,2.2,7,14,2.0889607655419486,6,0
17,Wigan Athletic,38,2006-07,28000000.0,-0.7345155283341378,470000.0,0.03094855463294154,29,26.0,18,53950000.0,0.0,0.4382934285300752,1.8,14,15,2.0889607655419486,2,0
18,Sheffield United,38,2006-07,22000000.0,-0.9489726168988496,14700000.0,0.9679654321366822,36,25.1,18,26400000.0,0.0,0.21447537559210353,2.2,15,19,2.6738697798936943,1,0
19,Charlton Athletic,34,2006-07,34000000.0,-0.520058439769426,19375000.0,1.2758047787515794,36,24.7,24,74650000.0,0.0,0.6064616207557018,2.4,11,14,2.2560776267853044,7,0
20,Watford,28,2006-07,18000000.0,-1.091944009275324,-3000000.0,-0.19754396574218006,41,23.1,20,18750000.0,0.0,0.15232626107393715,2.1,15,8,1.8382854736769147,1,0
1,Manchester United,87,2007-08,121000000.0,1.7333583859810762,44400000.0,1.8516970185602055,33,24.2,19,318400000.0,0.0,2.586703014716885,4.4,6,10,6.350440727247524,16,1
2,Chelsea,85,2007-08,172000000.0,3.163799772470313,14600000.0,0.6088913619589866,37,24.6,22,423150000.0,0.0,3.4376990599166137,2.8,8,6,3.425895655488796,16,1
3,Arsenal,83,2007-08,101000000.0,1.1724009795147083,-26025000.0,-1.0853697051357962,32,22.3,28,212430000.0,0.0,1.7257956074632785,2.7,6,13,5.013505837300677,16,1
4,Liverpool,76,2007-08,90000000.0,0.8638744059582062,45450000.0,1.8954871507558864,40,22.5,25,258400000.0,0.0,2.099258979280286,2.5,14,11,4.595713684192287,16,1
5,Everton,65,2007-08,45000000.0,-0.3982797585911211,20500000.0,0.8549502000109058,29,24.4,15,111900000.0,0.0,0.909083126089257,2.5,7,7,3.342337224867118,16,0
6,Aston Villa,60,2007-08,50000000.0,-0.2580404069745291,3250000.0,0.13554088536758266,24,24.3,10,83900000.0,0.0,0.6816092428855108,2.6,6,13,3.5094540861104737,16,0
7,Blackburn Rovers,58,2007-08,40000000.0,-0.5385191102077129,2225000.0,0.09279337536703734,37,24.3,30,65200000.0,0.0,0.5296891851744375,2.3,5,9,2.5903113492720165,7,0
8,Portsmouth,57,2007-08,55000000.0,-0.1178010553579372,34755000.0,1.4494533756770258,28,25.4,19,96500000.0,0.0,0.7839724903271966,2.1,14,11,1.7547270430552369,5,0
9,Manchester City,55,2007-08,54000000.0,-0.14584892568125554,62850000.0,2.621152198570021,30,23.6,19,89200000.0,0.0,0.7246667993490771,2.0,11,9,3.9272462392188636,6,1
10,West Ham United,49,2007-08,54000000.0,-0.14584892568125554,18300000.0,0.7631994468390038,33,25.0,13,106250000.0,0.0,0.8631821460856439,2.1,8,9,2.924545071758728,3,0
11,Tottenham Hotspur,46,2007-08,53000000.0,-0.17389679600457394,71600000.0,2.9860699668673587,34,23.7,20,194180000.0,0.0,1.5775313800179795,2.4,11,10,3.008103502380406,16,1
12,Newcastle United,43,2007-08,75000000.0,0.4431563511084304,7700000.0,0.3211276361016573,29,25.1,19,131300000.0,0.0,1.066690030880424,2.7,13,13,4.345038392327253,15,0
13,Middlesbrough,42,2007-08,35000000.0,-0.6787584618243049,20375000.0,0.8497370890352296,30,23.6,14,86070000.0,0.0,0.6992384688338011,2.9,8,13,2.924545071758728,10,0
14,Wigan Athletic,40,2007-08,38000000.0,-0.5946148508543497,-180000.0,-0.0075068798049738065,29,25.5,19,58550000.0,0.0,0.4756641379135478,1.3,12,10,2.0889607655419486,3,0
15,Sunderland,39,2007-08,37000000.0,-0.6226627211776681,61120000.0,2.5490027426666617,42,24.2,31,50430000.0,0.0,0.4096967117844614,1.5,18,8,4.094363100462219,1,0
16,Bolton Wanderers,37,2007-08,39000000.0,-0.5665669805310313,-116000.0,-0.0048377669854275645,30,25.8,21,65629999.99999999,0.0,0.5331825340950663,2.5,11,13,2.3396360574069823,7,0
17,Fulham,36,2007-08,39000000.0,-0.5665669805310313,29830000.0,1.2440568032353816,38,26.7,30,74720000.0,0.0,0.6070303054637112,1.9,21,13,2.0889607655419486,7,0
18,Reading,36,2007-08,33000000.0,-0.7348542024709416,6400000.0,0.2669112819546243,43,23.9,30,39280000.0,0.0,0.31911336186582673,2.6,6,7,2.0054023349202708,2,0
19,Birmingham City,35,2007-08,27000000.0,-0.903141424410852,20325000.0,0.8476518446449591,26,24.1,16,64450000.0,0.0,0.52359613473148,1.8,10,14,2.5067529186503386,1,0
20,Derby County,11,2007-08,26000000.0,-0.9311892947341702,17435000.0,0.7271247188873241,41,25.8,23,50570000.0,0.0,0.4108340812004801,1.4,15,18,2.7574282105153722,1,0
1,Manchester United,90,2008-09,123000000.0,1.6302102968306735,37800000.0,1.0424465398212084,31,24.3,20,356100000.0,0.0,2.8929803503162144,3.9,3,9,6.350440727247524,17,1
2,Liverpool,86,2008-09,107000000.0,1.1693734638043347,26000000.0,0.7170267205119423,28,23.9,24,257230000.00000003,0.0,2.0897538205892725,2.7,8,10,4.595713684192287,17,1
3,Chelsea,83,2008-09,167000000.0,2.8975115876531055,-12050000.0,-0.33231430700649633,28,25.6,21,406700000.0,0.0,3.304058153534413,3.3,3,10,3.425895655488796,17,1
4,Arsenal,72,2008-09,104000000.0,1.0829665576118959,16850000.0,0.4646884707933164,38,21.3,30,250850000.0,0.0,2.0379222714878473,2.8,5,5,5.013505837300677,17,1
5,Everton,63,2008-09,49000000.0,-0.5011600559161434,11280000.0,0.31107928489902725,28,24.4,15,162550000.0,0.0,1.3205671326703192,2.5,6,5,3.342337224867118,17,0
6,Aston Villa,62,2008-09,71000000.0,0.1324905894950724,52130000.0,1.4376385746264444,21,25.4,8,111800000.0,0.0,0.9082707193635293,2.2,9,6,3.5094540861104737,17,0
7,Fulham,53,2008-09,46000000.0,-0.5875669621085821,10670000.0,0.29425673491778553,32,25.3,20,73100000.0,0.0,0.593869316506923,1.7,11,23,2.0889607655419486,8,0
8,Tottenham Hotspur,51,2008-09,63000000.0,-0.097927827018097,54500000.0,1.5029983179961868,35,22.5,18,212600000.0,0.0,1.7271766988970154,1.9,13,17,3.008103502380406,17,1
9,West Ham United,51,2008-09,70000000.0,0.10368828743092624,-52530000.0,-1.4486697549420129,26,24.3,14,80550000.0,0.0,0.654393617573634,2.1,5,14,2.924545071758728,4,0
10,Manchester City,50,2008-09,83000000.0,0.4781182142648265,130775000.0,3.606506514421125,32,24.0,20,206800000.0,0.0,1.6800571088048109,2.0,12,11,3.9272462392188636,7,1
11,Wigan Athletic,45,2008-09,42000000.0,-0.7027761703651666,-2100000.0,-0.0579136966567338,25,25.7,18,61600000.0,0.0,0.5004425430482415,1.7,9,15,2.0889607655419486,4,0
12,Stoke City,45,2008-09,30000000.0,-1.0484037951349208,33185000.0,0.9151742969303388,29,26.6,15,49700000.0,0.0,0.40376614268664945,1.8,12,9,2.3396360574069823,1,0
13,Bolton Wanderers,41,2008-09,41000000.0,-0.7315784724293128,11525000.0,0.3178358828423129,28,24.6,18,82400000.0,0.0,0.6694231419995958,2.9,5,12,2.3396360574069823,8,0
14,Portsmouth,41,2008-09,65000000.0,-0.04032322288980465,-28400000.0,-0.7832138024053523,31,26.8,19,131500000.0,0.0,1.0683148443318793,2.1,10,10,1.7547270430552369,6,0
15,Blackburn Rovers,41,2008-09,46000000.0,-0.5875669621085821,-14320000.0,-0.3949162552973467,26,26.4,21,86750000.0,0.0,0.7047628345687492,2.5,8,13,2.5903113492720165,8,0
16,Sunderland,36,2008-09,49000000.0,-0.5011600559161434,20460000.0,0.5642448731413208,31,24.9,21,91280000.0,0.0,0.7415648592442124,1.8,9,16,4.094363100462219,2,0
17,Hull City,35,2008-09,34000000.0,-0.9331945868783359,17345000.0,0.4783395564338323,27,27.2,12,38630000.0,0.0,0.3138327181485969,2.2,12,7,2.0889607655419486,1,0
18,Newcastle United,34,2008-09,73000000.0,0.19009519362336474,-6220000.0,-0.17153485390708773,32,24.8,20,134950000.0,0.0,1.0963428763694838,2.8,10,11,4.345038392327253,16,0
19,Middlesbrough,32,2008-09,34000000.0,-0.9331945868783359,4080000.0,0.1125180392187971,30,22.3,13,73650000.0,0.0,0.5983375534984252,2.8,3,8,2.924545071758728,11,0
20,West Bromwich Albion,32,2008-09,31000000.0,-1.0196014930707746,10070000.0,0.27770996444443297,30,24.6,21,64050000.0,0.0,0.5203465078285693,1.8,8,8,2.1725191961636265,1,0
1,Chelsea,86,2009-10,174000000.0,2.641009743950478,26885000.0,0.7314933477184072,28,26.8,20,443850000.0,0.0,3.6058672521422404,3.4,4,8,3.425895655488796,18,1
2,Manchester United,85,2009-10,131000000.0,1.605620097130274,-76565000.0,-2.083198369650729,33,25.0,22,362950000.0,0.0,2.9486302110285596,4.6,4,5,6.350440727247524,18,1
3,Arsenal,75,2009-10,110000000.0,1.0999646882180814,-35700000.0,-0.971333922765376,45,21.7,31,281000000.0,0.0,2.2828628992947384,3.2,2,3,5.013505837300677,18,1
4,Tottenham Hotspur,70,2009-10,67000000.0,0.06457504139787737,10500000.0,0.28568644787216946,41,23.3,20,249200000.0,0.0,2.024517560513341,2.4,7,12,3.008103502380406,18,1
5,Manchester City,67,2009-10,133000000.0,1.6537777551219115,117500000.0,3.1969673928552296,40,24.1,24,314900000.0,0.0,2.5582687793164167,2.0,11,13,3.9272462392188636,8,1
6,Aston Villa,64,2009-10,80000000.0,0.3775998183435204,24800000.0,0.6747641816409335,31,25.5,13,160400000.0,0.0,1.3031003880671743,2.0,7,5,3.5094540861104737,18,0
7,Liverpool,63,2009-10,121000000.0,1.3648318071720869,-6130000.0,-0.1667864690910856,30,24.4,24,336600000.0,0.0,2.73456103879932,3.0,4,15,4.595713684192287,18,1
8,Everton,61,2009-10,54000000.0,-0.2484497355477657,-5040000.0,-0.13712949497864133,42,23.1,23,221550000.0,0.0,1.7998871008496415,2.9,6,8,3.342337224867118,18,0
9,Birmingham City,50,2009-10,38000000.0,-0.6337109994808648,17600000.0,0.4788649031000174,36,25.5,18,63500000.0,0.0,0.5158782708370672,2.2,8,10,2.5067529186503386,1,0
10,Blackburn Rovers,50,2009-10,47000000.0,-0.4170015385184966,-23370000.0,-0.6358564082640572,35,25.3,29,90300000.0,0.0,0.7336032733320813,2.4,9,14,2.5903113492720165,9,0
11,Stoke City,47,2009-10,45000000.0,-0.465159196510134,19550000.0,0.5319209577048488,37,25.9,18,76800000.0,0.0,0.6239283653588465,2.3,8,9,2.3396360574069823,2,0
12,Fulham,46,2009-10,49000000.0,-0.3688438805268592,6930000.0,0.18855305559563185,42,25.3,27,92800000.0,0.0,0.753913441475273,1.9,6,8,2.0889607655419486,9,0
13,Sunderland,44,2009-10,54000000.0,-0.2484497355477657,23325000.0,0.6346320377731764,38,24.5,26,131700000.0,0.0,1.0699396577833347,2.1,9,15,4.094363100462219,3,0
14,Bolton Wanderers,39,2009-10,46000000.0,-0.4410803675143153,10000000.0,0.2720823313068281,32,25.3,18,85330000.0,0.0,0.6932266590634164,2.9,7,2,2.3396360574069823,9,0
15,Wolverhampton Wanderers,38,2009-10,30000000.0,-0.8263416314474145,18330000.0,0.4987269132854158,37,24.1,19,59700000.0,0.0,0.4850068152594159,2.5,8,9,2.5903113492720165,1,0
16,Wigan Athletic,36,2009-10,39000000.0,-0.6096321704850461,-8150000.0,-0.22174710001506487,35,25.4,27,73900000.0,0.0,0.6003685703127444,1.8,9,9,2.0889607655419486,5,0
17,West Ham United,35,2009-10,54000000.0,-0.2484497355477657,-20250000.0,-0.5509667208963268,35,23.8,19,118300000.0,0.0,0.9610771565358275,2.1,11,12,2.924545071758728,5,0
18,Burnley,30,2009-10,22000000.0,-1.018972263413964,13450000.0,0.3659507356076837,33,25.0,20,38450000.0,0.0,0.3123703860422871,2.0,12,5,1.7547270430552369,1,0
19,Hull City,30,2009-10,38000000.0,-0.6337109994808648,-1850000.0,-0.050335231291763184,37,26.0,23,75650000.0,0.0,0.6145856880129784,2.4,6,11,2.0889607655419486,2,0
20,Portsmouth,191,2009-10,,,-43250000.0,-1.1767560829020314,45,25.4,29,99850000.0,0.0,0.8111881156390733,2.1,11,19,1.7547270430552369,7,0
1,Manchester United,80,2010-11,153000000.0,1.6778001607196855,12000000.0,0.3071575861831733,43,24.1,28,384150000.0,0.0,3.1208604368828246,5.1,4,11,6.350440727247524,19,1
2,Chelsea,71,2010-11,190000000.0,2.435659999770881,105000000.0,2.6876288791027663,33,24.5,22,446150000.0,0.0,3.624552606833977,3.9,6,9,3.425895655488796,19,1
3,Manchester City,71,2010-11,174000000.0,2.1079368261271205,150192000.0,3.844384348668597,45,23.4,27,382530000.0,0.0,3.1076994479260365,2.1,8,9,3.9272462392188636,9,1
4,Arsenal,68,2010-11,124000000.0,1.08380190849037,13900000.0,0.3557908706621757,34,23.4,27,304380000.0,0.0,2.4728035917698663,3.9,6,11,5.013505837300677,19,1
5,Tottenham Hotspur,62,2010-11,91000000.0,0.4078728628501147,24700000.0,0.6322326982270317,38,24.7,21,296000000.0,0.0,2.404723908153888,3.0,6,3,3.008103502380406,19,1
6,Liverpool,58,2010-11,135000000.0,1.309111590370455,-2970000.0,-0.07602150258033538,42,23.5,25,365500000.0,0.0,2.969346582534615,2.9,10,14,4.595713684192287,19,1
7,Everton,54,2010-11,58000000.0,-0.2680561827901407,-3100000.0,-0.07934904309731976,32,23.9,21,178530000.0,0.0,1.4503897274416,3.6,4,6,3.342337224867118,19,0
8,Fulham,49,2010-11,58000000.0,-0.2680561827901407,-1310000.0,-0.03353136982499642,34,27.5,27,111950000.0,0.0,0.9094893294521208,2.3,6,13,2.0889607655419486,10,0
9,Aston Villa,48,2010-11,83000000.0,0.2440112760282346,9000000.0,0.23036818963738,39,25.1,20,207750000.0,0.0,1.6877749726992237,2.4,4,8,3.5094540861104737,19,0
10,Sunderland,47,2010-11,61000000.0,-0.20660808773193567,-13275000.0,-0.33979307971513545,39,23.7,20,137330000.0,0.0,1.1156781564418021,2.1,6,11,4.094363100462219,4,0
11,West Bromwich Albion,47,2010-11,39000000.0,-0.6572274514921059,11980000.0,0.306645656872868,37,24.3,23,85030000.0,0.0,0.6907894388862335,2.1,11,7,2.1725191961636265,1,0
12,Newcastle United,46,2010-11,54000000.0,-0.3499869762010808,-29520000.0,-0.7556076620106063,38,23.7,17,95650000.0,0.0,0.7770670331585114,2.9,6,5,4.345038392327253,1,0
13,Stoke City,46,2010-11,47000000.0,-0.4933658646702258,14325000.0,0.3666693685061631,33,27.0,20,96400000.0,0.0,0.7831600836014689,2.6,6,9,2.3396360574069823,3,0
14,Bolton Wanderers,46,2010-11,56000000.0,-0.3090215794956107,3995000.0,0.10225787973348144,34,25.4,18,93400000.0,0.0,0.758787881829639,3.0,6,9,2.3396360574069823,10,0
15,Blackburn Rovers,43,2010-11,50000000.0,-0.4319177696120208,4175000.0,0.10686524352622903,37,25.1,29,95100000.0,0.0,0.7725987961670092,2.5,4,9,2.5903113492720165,10,0
16,Wigan Athletic,42,2010-11,40000000.0,-0.636744753139371,9000000.0,0.23036818963738,35,24.0,25,72100000.0,0.0,0.5857452492496463,1.8,8,10,2.0889607655419486,6,0
17,Wolverhampton Wanderers,40,2010-11,38000000.0,-0.6777101498448409,14710000.0,0.3765240077295399,42,23.7,23,76800000.0,0.0,0.6239283653588465,2.3,10,10,2.5903113492720165,2,0
18,Birmingham City,39,2010-11,38000000.0,-0.6777101498448409,23400000.0,0.5989572930571879,34,25.8,18,102900000.0,0.0,0.8359665207737671,2.3,6,6,2.5067529186503386,2,0
19,Blackpool,39,2010-11,25000000.0,-0.943985228430396,4725000.0,0.12094329955962448,45,24.3,24,38100000.0,0.0,0.3095269625022403,2.1,13,8,1.420493320568525,1,0
20,West Ham United,33,2010-11,56000000.0,-0.3090215794956107,9325000.0,0.2386870409298409,39,25.1,23,158950000.0,0.0,1.2913204905441233,2.4,9,11,2.924545071758728,6,0
1,Manchester City,89,2011-12,202000000.0,2.6127200163686037,59100000.0,2.233962557598018,34,24.7,22,461800000.0,0.0,3.7516942594103564,2.5,6,18,3.9272462392188636,10,1
2,Manchester United,89,2011-12,162000000.0,1.7900976977309868,48935000.0,1.8497285576321325,41,23.6,22,398250000.0,0.0,3.2354097852104253,4.2,5,12,6.350440727247524,20,1
3,Arsenal,70,2011-12,143000000.0,1.3993520963781192,-9870000.0,-0.3730830870303289,44,23.3,33,312430000.0,0.0,2.5382023331909433,3.2,9,9,5.013505837300677,20,1
4,Tottenham Hotspur,69,2011-12,90000000.0,0.3093775241832774,-34500000.0,-1.3040898178871678,49,24.2,24,316000000.0,0.0,2.567205253299421,3.1,5,8,3.008103502380406,20,1
5,Newcastle United,65,2011-12,64000000.0,-0.2253269829311733,10120000.0,0.3825330132469026,35,24.1,21,120530000.0,0.0,0.9791938265195544,3.3,8,11,4.345038392327253,2,0
6,Chelsea,64,2011-12,173000000.0,2.016318835356332,65750000.0,2.485330594958878,30,26.3,21,467500000.0,0.0,3.798001442776833,4.2,12,12,3.425895655488796,20,1
7,Everton,56,2011-12,63000000.0,-0.24589254089711365,-18900000.0,-0.7144144219729702,34,25.6,24,190180000.0,0.0,1.545035110988873,3.2,6,10,3.342337224867118,20,0
8,Liverpool,52,2011-12,119000000.0,0.9057787051955494,42575000.0,1.6093224346824977,28,25.0,16,247750000.0,0.0,2.0127376629902898,3.6,9,13,4.595713684192287,20,1
9,Fulham,52,2011-12,62000000.0,-0.26645809886305405,10680000.0,0.4037008479720277,36,26.1,28,118550000.0,0.0,0.9631081733501466,2.4,12,10,2.0889607655419486,11,0
10,West Bromwich Albion,47,2011-12,50000000.0,-0.513244794454339,-3140000.0,-0.11869107328016545,36,25.0,22,81380000.0,0.0,0.6611365933971737,2.3,8,12,2.1725191961636265,2,0
11,Swansea City,47,2011-12,35000000.0,-0.8217281639434452,11895000.0,0.4496274893845757,32,24.8,26,40550000.0,0.0,0.3294309272825681,2.3,11,14,1.7547270430552369,1,0
12,Norwich City,47,2011-12,37000000.0,-0.7805970480115644,14750000.0,0.5575456467778471,29,24.5,12,22500000.0,0.0,0.1827915132887246,2.2,8,10,2.2560776267853044,1,0
13,Sunderland,45,2011-12,64000000.0,-0.2253269829311733,8120000.0,0.30693360351431315,33,25.0,18,125050000.0,0.0,1.0159146105224448,2.1,10,8,4.094363100462219,5,0
14,Stoke City,45,2011-12,53000000.0,-0.4515481205565178,22820000.0,0.8625892650488456,31,27.9,15,119050000.0,0.0,0.967170206978785,3.2,5,9,2.3396360574069823,4,0
15,Wigan Athletic,43,2011-12,38000000.0,-0.7600314900456241,1295000.0,0.04895061780185166,29,25.4,22,70000000.0,0.0,0.5686847080093654,2.3,8,6,2.0889607655419486,7,0
16,Aston Villa,38,2011-12,70000000.0,-0.1019336351355308,-22865000.0,-0.8642902517678288,34,25.3,21,157600000.0,0.0,1.2803529997467997,2.5,4,16,3.5094540861104737,20,0
17,QPR,37,2011-12,58000000.0,-0.3487203307268157,22810000.0,0.8622112680001827,46,27.0,23,106050000.0,0.0,0.8615573326341885,2.1,14,18,1.504051751190203,1,0
18,Bolton Wanderers,36,2011-12,55000000.0,-0.4104170046246369,-1730000.0,-0.06539348941868987,37,25.2,19,98150000.0,0.0,0.7973772013017031,2.8,8,10,2.3396360574069823,11,0
19,Blackburn Rovers,31,2011-12,50000000.0,-0.513244794454339,-19695000.0,-0.7444651873416746,36,24.5,24,90650000.0,0.0,0.7364466968721282,2.7,10,17,2.5903113492720165,11,0
20,Wolverhampton Wanderers,25,2011-12,38000000.0,-0.7600314900456241,9445000.0,0.35701821246215365,35,24.1,23,82000000.0,0.0,0.6661735150966852,3.1,4,9,2.5903113492720165,3,0
1,Manchester United,89,2012-13,181000000.0,1.8279146706281268,65870000.0,2.48225125562982,36,24.1,22,444500000.0,0.0,3.61114789585947,4.3,7,8,6.350440727247524,21,1
2,Manchester City,78,2012-13,233000000.0,2.7776044821273618,17650000.0,0.6651242547725265,38,24.0,27,510150000.0,0.0,4.1444929112996824,2.6,6,12,3.9272462392188636,11,1
3,Chelsea,75,2012-13,179000000.0,1.7913881394166178,84700000.0,3.1918427410330312,31,25.3,22,408500000.0,0.0,3.318681474597511,3.8,9,7,3.425895655488796,21,1
4,Arsenal,73,2012-13,154000000.0,1.3348064992727546,-8950000.0,-0.3372726391056154,36,23.8,29,293750000.0,0.0,2.3864447568250156,3.2,4,7,5.013505837300677,21,1
5,Tottenham Hotspur,72,2012-13,96000000.0,0.2755370941389921,5870000.0,0.22120563034077792,35,25.1,16,309530000.0,0.0,2.514642538144841,3.5,9,15,3.008103502380406,21,1
6,Everton,63,2012-13,63000000.0,-0.3271506708509073,2900000.0,0.10928387188897036,26,25.6,18,124800000.0,0.0,1.0138835937081256,3.4,8,9,3.342337224867118,21,0
7,Liverpool,61,2012-13,132000000.0,0.9330146559461552,56400000.0,2.1253828877717,38,22.8,19,275450000.0,0.0,2.237774326016853,3.4,6,11,4.595713684192287,21,1
8,West Bromwich Albion,49,2012-13,54000000.0,-0.49152006130269804,1270000.0,0.04785879906861805,29,25.7,20,83000000.0,0.0,0.6742975823539619,2.7,3,10,2.1725191961636265,3,0
9,Swansea City,46,2012-13,49000000.0,-0.5828363893314706,-12230000.0,-0.4608764666214164,29,25.9,25,88000000.0,0.0,0.714917918640345,2.6,7,12,1.7547270430552369,2,0
10,West Ham United,46,2012-13,57000000.0,-0.4367302644854344,17295000.0,0.6517464014895663,34,25.1,17,114450000.0,0.0,0.9297994975953124,2.0,11,15,2.924545071758728,1,0
11,Norwich City,44,2012-13,51000000.0,-0.5463098581199616,10700000.0,0.40321980317654577,34,25.3,16,70650000.0,0.0,0.5739653517265952,2.2,9,8,2.2560776267853044,2,0
12,Fulham,43,2012-13,67000000.0,-0.25409760842788914,-21180000.0,-0.7981491057270318,33,26.9,29,114500000.0,0.0,0.9302057009581762,2.3,7,14,2.0889607655419486,12,0
13,Stoke City,42,2012-13,60000000.0,-0.3819404676681709,23040000.0,0.8682415201109921,29,27.6,16,99100000.0,0.0,0.8050950651961158,3.0,12,11,2.3396360574069823,5,0
14,Southampton,41,2012-13,47000000.0,-0.6193629205429797,41500000.0,1.5638898908249206,37,24.3,16,68850000.0,0.0,0.5593420306634972,2.2,9,7,2.6738697798936943,1,0
15,Aston Villa,41,2012-13,72000000.0,-0.16278128039911652,24630000.0,0.9281592291811516,31,24.1,19,101030000.0,0.0,0.8207745150026597,2.5,9,7,3.5094540861104737,21,0
16,Newcastle United,41,2012-13,62000000.0,-0.3454139364566618,17165000.0,0.64684746930144,36,24.1,25,190250000.0,0.0,1.5456037956968824,3.1,10,18,4.345038392327253,3,0
17,Sunderland,39,2012-13,58000000.0,-0.4184669988796799,23525000.0,0.8865183055820784,31,25.4,18,127000000.0,0.0,1.0317565416741343,2.0,8,16,4.094363100462219,6,0
18,Wigan Athletic,36,2012-13,44000000.0,-0.6741527173602433,-2565000.0,-0.09665970048110653,35,25.0,28,81500000.0,0.0,0.6621114814680469,2.5,5,10,2.0889607655419486,8,0
19,Reading,28,2012-13,46000000.0,-0.6376261861487342,9920000.0,0.37382621004778827,31,25.6,22,44000000.0,0.0,0.3574589593201725,3.0,12,10,2.0054023349202708,1,0
20,QPR,25,2012-13,78000000.0,-0.05320168676458937,48835000.0,1.840302718516506,33,28.1,18,150000000.0,0.0,1.2186100885914972,1.6,16,16,1.504051751190203,2,0
1,Manchester City,86,2013-14,205000000.0,2.1535594144548793,107000000.0,3.5220218077712397,27,25.7,21,479000000.0,0.0,3.8914282162355147,3.2,5,11,3.9272462392188636,12,1
2,Liverpool,84,2013-14,144000000.0,1.031597342980614,25100000.0,0.8261939007014776,31,23.8,22,272500000.0,0.0,2.213808327607887,3.1,6,10,4.595713684192287,22,1
3,Chelsea,82,2013-14,192000000.0,1.9144527434849532,60120000.0,1.9789154306841763,48,23.8,40,582980000.0,0.0,4.73616872964714,3.4,11,11,3.425895655488796,22,1
4,Arsenal,79,2013-14,166000000.0,1.4362394015451028,35550000.0,1.1701670585632482,37,23.8,31,332700000.0,0.0,2.702877176495941,3.7,4,15,5.013505837300677,22,1
5,Everton,72,2013-14,69000000.0,-0.3478642203074164,-17800000.0,-0.5859064315731594,30,25.9,22,217500000.0,0.0,1.7669846284576711,3.4,5,8,3.342337224867118,22,0
6,Tottenham Hotspur,69,2013-14,100000000.0,0.2223132258516361,-13715000.0,-0.4514441971362855,36,23.4,21,296000000.0,0.0,2.404723908153888,3.0,7,15,3.008103502380406,22,1
7,Manchester United,64,2013-14,215000000.0,2.3374876228932826,77960000.0,2.5661385059237927,34,24.9,24,511750000.0,0.0,4.157491418911325,5.2,3,5,6.350440727247524,22,1
8,Southampton,56,2013-14,63000000.0,-0.4582211453704589,35400000.0,1.1652296448140362,31,23.9,16,102500000.0,0.0,0.8327168938708565,2.4,4,15,2.6738697798936943,2,0
9,Stoke City,50,2013-14,61000000.0,-0.4950067870581397,6400000.0,0.21066298663304608,29,26.1,20,126000000.0,0.0,1.0236324744168577,2.9,9,9,2.3396360574069823,6,0
10,Newcastle United,49,2013-14,78000000.0,-0.1823288327128528,-25870000.0,-0.851539291280766,33,24.4,26,188850000.0,0.0,1.534230101536695,3.4,1,4,4.345038392327253,4,0
11,Crystal Palace,45,2013-14,46000000.0,-0.7708990997157458,33000000.0,1.0862310248266438,41,26.2,24,64250000.0,0.0,0.5219713212800247,1.8,19,12,2.1725191961636265,1,0
12,Swansea City,42,2013-14,63000000.0,-0.4582211453704589,25512000.0,0.8397553304659799,31,25.5,27,118580000.0,0.0,0.963351895367865,2.7,11,4,1.7547270430552369,3,0
13,West Ham United,40,2013-14,64000000.0,-0.4398283245266185,22770000.0,0.7494994071303842,42,25.3,21,128250000.0,0.0,1.0419116257457302,2.1,8,6,2.924545071758728,2,0
14,Sunderland,38,2013-14,70000000.0,-0.3294713994635761,9730000.0,0.3202735718655529,37,24.9,28,151250000.0,0.0,1.228765172663093,1.7,14,12,4.094363100462219,7,0
15,Aston Villa,38,2013-14,69000000.0,-0.3478642203074164,14470000.0,0.4762958463406526,34,24.0,19,116300000.0,0.0,0.9448290220212742,2.6,7,8,3.5094540861104737,22,0
16,Hull City,37,2013-14,43000000.0,-0.826077562247267,29720000.0,0.9782662441772078,33,26.4,22,69900000.0,0.0,0.5678723012836377,1.8,12,14,2.0889607655419486,1,0
17,West Bromwich Albion,36,2013-14,65000000.0,-0.4214355036827781,1500000.0,0.049374137492120176,30,26.6,20,91950000.0,0.0,0.7470079843065879,2.8,5,11,2.1725191961636265,4,0
18,Norwich City,33,2013-14,54000000.0,-0.6237565329650225,23665000.0,0.7789593091673493,29,26.2,17,95750000.0,0.0,0.7778794398842391,1.8,7,14,2.2560776267853044,3,0
19,Fulham,32,2013-14,69000000.0,-0.3478642203074164,23950000.0,0.7883403952908521,44,25.4,33,148350000.0,0.0,1.2052053776169909,2.0,13,13,2.0889607655419486,13,0
20,Cardiff City,30,2013-14,53000000.0,-0.642149353808863,40275000.0,1.3256955916634268,39,24.6,36,92350000.0,0.0,0.7502576112094985,1.9,14,10,2.7574282105153722,1,0
1,Chelsea,87,2014-15,217000000.0,2.0654181871991084,-4650000.0,-0.12244504991640788,38,23.9,28,526100000.0,0.0,4.274071784053245,3.1,7,16,3.425895655488796,23,1
2,Manchester City,79,2014-15,194000000.0,1.653587946145103,58675000.0,1.5450458717946736,36,25.4,29,478000000.0,0.0,3.883304148978238,3.2,6,8,4.595713684192287,13,1
3,Arsenal,75,2014-15,192000000.0,1.617776620836059,92780000.0,2.443107899192328,42,23.0,30,404350000.0,0.0,3.284966595479813,3.6,7,10,5.013505837300677,23,1
4,Manchester United,70,2014-15,203000000.0,1.814738910035801,142960000.0,3.7644611475375633,43,23.9,25,522400000.0,0.0,4.244012735201321,3.8,7,16,6.350440727247524,23,1
5,Tottenham Hotspur,64,2014-15,101000000.0,-0.011638680725439271,6820000.0,0.17958607321073156,42,23.7,25,298250000.0,0.0,2.4230030594827605,3.3,7,13,3.008103502380406,23,1
6,Liverpool,62,2014-15,166000000.0,1.152229391818488,50160000.0,1.3208266029692517,35,23.4,21,285000000.0,0.0,2.315359168323845,3.1,9,10,4.595713684192287,23,1
7,Southampton,60,2014-15,80000000.0,-0.3876575964704004,-36290000.0,-0.955598034723966,37,23.5,20,150400000.0,0.0,1.221859715494408,2.2,7,13,2.6738697798936943,3,0
8,Swansea City,56,2014-15,83000000.0,-0.3339406085068345,-21000000.0,-0.5529776447837775,36,24.3,30,107700000.0,0.0,0.874962043608695,2.7,10,11,1.7547270430552369,4,0
9,Stoke City,54,2014-15,67000000.0,-0.6204312109791859,-2000000.0,-0.052664537598455,30,26.4,23,128850000.0,0.0,1.046786066100096,3.2,5,9,2.3396360574069823,7,0
10,Crystal Palace,48,2014-15,68000000.0,-0.602525548324664,28410000.0,0.7480997565860533,42,26.0,25,89300000.0,0.0,0.7254792060748048,2.1,14,15,2.1725191961636265,2,0
11,Everton,47,2014-15,78000000.0,-0.4234689217794443,38260000.0,1.007472604258444,40,24.3,19,177500000.0,0.0,1.442021938166605,3.4,7,6,3.342337224867118,23,0
12,West Ham United,47,2014-15,73000000.0,-0.5129972350520542,30750000.0,0.8097172655762457,36,24.8,21,123000000.0,0.0,0.9992602726450278,2.4,9,10,2.924545071758728,3,0
13,West Bromwich Albion,44,2014-15,70000000.0,-0.5667142230156199,22580000.0,0.5945826294865569,34,25.5,20,100600000.0,0.0,0.8172811660820308,2.8,11,10,2.1725191961636265,5,0
14,Leicester City,41,2014-15,57000000.0,-0.7994878375244054,22880000.0,0.6024823101263252,37,25.9,18,55850000.0,0.0,0.4537291563189008,2.5,12,8,2.6738697798936943,1,0
15,Newcastle United,39,2014-15,65000000.0,-0.6562425362882298,20670000.0,0.5442879960800324,42,22.9,26,139850000.0,0.0,1.1361508059301393,3.2,8,10,4.345038392327253,5,0
16,Sunderland,38,2014-15,77000000.0,-0.4413745844339663,13870000.0,0.36522856824528543,34,24.8,20,115250000.0,0.0,0.9362987514011337,1.9,8,19,4.094363100462219,8,0
17,Aston Villa,38,2014-15,84000000.0,-0.31603494585231257,12135000.0,0.3195420818786257,38,24.3,19,127000000.0,0.0,1.0317565416741343,3.0,6,7,3.5094540861104737,23,0
18,Hull City,35,2014-15,56000000.0,-0.8173935001789274,29270000.0,0.7707455077533889,35,26.1,24,122250000.0,0.0,0.9931672222020703,2.1,12,9,2.0889607655419486,2,0
19,Burnley,33,2014-15,29000000.0,-1.3008463918510205,12620000.0,0.33231323224625103,30,25.5,13,36750000.0,0.0,0.2985594717049168,2.4,11,12,1.7547270430552369,1,0
20,QPR,30,2014-15,73000000.0,-0.5129972350520542,14830000.0,0.3905075462925439,41,25.1,24,115050000.0,0.0,0.9346739379496785,2.4,8,18,1.504051751190203,1,0
1,Leicester City,81,2015-16,48200000.0,-0.7500597389385121,40700000.0,1.1280043223713003,35,25.9,19,91250000.0,0.0,0.7413211372264942,2.5,8,16,2.6738697798936943,2,0
2,Arsenal,71,2015-16,192000000.0,1.636720311058346,26500000.0,0.7344499887675542,41,23.7,30,408600000.0,0.0,3.3194938813232384,3.7,3,4,5.013505837300677,24,1
3,Tottenham Hotspur,70,2015-16,110500000.0,0.2839903105385692,-580000.0,-0.016074754471138927,31,22.7,16,253750000.0,0.0,2.0614820665339497,3.2,5,20,3.008103502380406,24,1
4,Manchester City,66,2015-16,193800000.0,1.6665965564685992,150995000.0,4.1848406058096925,38,24.4,27,452750000.0,0.0,3.6781714507320027,3.3,10,13,4.595713684192287,14,1
5,Manchester United,66,2015-16,203000000.0,1.819297366343224,44650000.0,1.2374789433385394,44,22.5,23,374150000.0,0.0,3.039619764310058,2.9,6,14,6.350440727247524,24,1
6,Southampton,63,2015-16,59500000.0,-0.5625033094185921,1200000.0,0.03325811269890812,35,24.1,19,187500000.0,0.0,1.5232626107393716,2.4,7,7,2.6738697798936943,4,0
7,West Ham United,62,2015-16,69500000.0,-0.3965241682505212,27850000.0,0.7718653655538258,50,23.2,26,185200000.0,0.0,1.5045772560476354,2.3,8,14,2.924545071758728,4,0
8,Liverpool,60,2015-16,152000000.0,0.9728037463860629,39200000.0,1.0864316814976651,44,22.5,25,325000000.0,0.0,2.640321858614911,2.7,8,10,4.595713684192287,24,1
9,Stoke City,51,2015-16,72300000.0,-0.3500500087234613,30450000.0,0.8439246097347934,31,26.3,24,127250000.0,0.0,1.0337875584884535,2.6,9,9,2.3396360574069823,8,0
10,Chelsea,50,2015-16,215600000.0,2.028431084214993,3460000.0,0.0958942249485184,40,23.7,30,579800000.0,0.0,4.710334195769001,3.2,10,9,3.425895655488796,24,1
11,Everton,47,2015-16,74700000.0,-0.3102150148431244,38180000.0,1.0581622857035933,39,24.7,19,204130000.0,0.0,1.6583658492278823,3.7,10,7,3.342337224867118,24,0
12,Swansea City,47,2015-16,51000000.0,-0.7035855794114522,5805000.0,0.160886120180968,36,24.8,29,138200000.0,0.0,1.1227460949556327,2.9,8,9,1.7547270430552369,5,0
13,Watford,45,2015-16,29000000.0,-1.0687396899812078,74980000.0,2.0780777418034417,39,26.4,34,110130000.0,0.0,0.8947035270438773,1.6,18,11,1.8382854736769147,1,0
14,West Bromwich Albion,43,2015-16,68500000.0,-0.4131220823673282,29980000.0,0.8308985155943878,35,25.4,21,117000000.0,0.0,0.9505158691013679,2.7,6,13,2.1725191961636265,6,0
15,Crystal Palace,42,2015-16,54300000.0,-0.6488124628259888,23400000.0,0.6485331976287082,38,25.6,19,121000000.0,0.0,0.9830121381304745,2.7,6,13,2.1725191961636265,3,0
16,Bournemouth,42,2015-16,25000000.0,-1.1351313464484365,53260000.0,1.4761059019532052,49,24.1,22,68030000.0,0.0,0.5526802955125304,2.4,12,11,0.9191427368384574,1,0
17,Sunderland,39,2015-16,71000000.0,-0.37162729707531056,54650000.0,1.5146298824961069,42,25.5,27,128250000.0,0.0,1.0419116257457302,2.1,12,9,4.094363100462219,9,0
18,Newcastle United,37,2015-16,75800000.0,-0.2919573093146365,102630000.0,2.8444000885741167,42,23.6,27,200650000.0,0.0,1.6300940951725595,3.3,8,11,4.345038392327253,6,0
19,Norwich City,34,2015-16,37000000.0,-0.9359563770467512,24260000.0,0.6723681783962591,41,25.6,22,103750000.0,0.0,0.8428719779424523,2.6,10,10,2.2560776267853044,1,0
20,Aston Villa,17,2015-16,65100000.0,-0.4695549903644723,1400000.0,0.03880113148205946,44,23.5,22,112300000.0,0.0,0.9123327529921677,2.6,11,16,3.5094540861104737,24,0
1,Chelsea,93,2016-17,218000000.0,1.8007048364664553,33900000.0,0.7236082552828849,25,26.6,20,515000000.0,0.0,4.183894637497474,3.6,5,9,3.425895655488796,25,1
2,Tottenham Hotspur,86,2016-17,121200000.0,0.3638814579068965,31400000.0,0.6702448146278049,24,25.2,16,429000000.0,0.0,3.4852248533716823,2.9,4,5,3.008103502380406,25,1
3,Manchester City,78,2016-17,225000000.0,1.9046073535110517,180000000.0,3.84216772716576,25,28.2,21,525250000.0,0.0,4.26716632688456,3.2,12,6,4.595713684192287,15,1
4,Liverpool,76,2016-17,165600000.0,1.0229202803040496,-2700000.0,-0.057632515907486415,28,25.6,17,372200000.0,0.0,3.0237778331583685,2.4,6,11,4.595713684192287,25,1
5,Arsenal,75,2016-17,200500000.0,1.5409485438549648,105000000.0,2.2412645075133604,28,27.1,21,492500000.0,0.0,4.00110312420875,4.0,5,5,5.013505837300677,25,1
6,Manchester United,69,2016-17,220800000.0,1.8422658432842935,137850000.0,2.942460117721112,24,27.0,15,466000000.0,0.0,3.785815341890918,3.8,4,8,6.350440727247524,25,1
7,Everton,61,2016-17,83000000.0,-0.2031294208221856,27800000.0,0.5934014600844897,26,27.0,14,252100000.0,0.0,2.048077355559443,2.9,7,8,3.342337224867118,25,0
8,Southampton,46,2016-17,63600000.0,-0.4910878252029236,-16150000.0,-0.34472782663181684,30,26.2,17,230500000.0,0.0,1.8725975028022674,2.1,9,6,2.6738697798936943,5,0
9,Bournemouth,46,2016-17,34000000.0,-0.930447040134359,12850000.0,0.2742880849671112,26,26.3,10,106000000.0,0.0,0.8611511292713248,2.8,7,13,0.9191427368384574,2,0
10,West Bromwich Albion,45,2016-17,65000000.0,-0.4703073217940044,11500000.0,0.24547182701336806,20,28.6,14,95600000.0,0.0,0.7766608297956475,3.2,6,8,2.1725191961636265,7,0
11,West Ham United,45,2016-17,79800000.0,-0.2506277143282867,29800000.0,0.6360922126085536,28,27.1,21,209450000.0,0.0,1.701585887036594,2.3,10,5,5.013505837300677,5,0
12,Leicester City,44,2016-17,66000000.0,-0.4554641050733478,26050000.0,0.5560470516259337,25,27.7,18,205300000.0,0.0,1.6678710079188959,2.6,7,13,2.6738697798936943,3,0
13,Stoke City,44,2016-17,75900000.0,-0.3085162595388474,33895000.0,0.7235015284015748,25,29.2,19,168250000.0,0.0,1.3668743160367962,3.2,5,4,2.3396360574069823,9,0
14,Crystal Palace,41,2016-17,55000000.0,-0.6187394890005704,46800000.0,0.9989636090630978,27,28.8,18,186500000.0,0.0,1.515138543482095,2.4,9,10,2.1725191961636265,4,0
15,Swansea City,41,2016-17,59000000.0,-0.559366622117944,9600000.0,0.20491561211550724,28,27.7,28,127600000.0,0.0,1.0366309820285002,2.8,10,7,1.7547270430552369,6,0
16,Burnley,40,2016-17,33000000.0,-0.9452902568550156,44400000.0,0.9477347060342208,23,28.2,9,85000000.0,0.0,0.6905457168685151,2.4,7,9,1.7547270430552369,1,0
17,Watford,40,2016-17,41000000.0,-0.8265445230897628,11100000.0,0.23693367650855526,26,29.0,23,127250000.0,0.0,1.0337875584884535,1.4,12,16,1.8382854736769147,2,0
18,Hull City,34,2016-17,25000000.0,-1.0640359906202683,8800000.0,0.1878393111058816,29,27.1,18,112850000.0,0.0,0.9168009899836698,1.7,7,7,2.0889607655419486,1,0
19,Middlesbrough,28,2016-17,34000000.0,-0.930447040134359,39150000.0,0.8356714806585529,25,27.9,15,99500000.0,0.0,0.8083446920990265,1.8,12,9,2.924545071758728,1,0
20,Sunderland,24,2016-17,68300000.0,-0.4213247066158376,15830000.0,0.3378973062279666,28,27.1,20,102000000.0,0.0,0.8286548602422181,2.0,10,14,4.094363100462219,10,0
